d,n_informative,informative_fraction,instance,n_train,gamma,alpha,epsilon,m_certified,m_observed,exact_threshold,certified_bound,observed_at_certified,bound_holds,tolerance_holds
50,15,0.3,0,300,0.005,0.1,1e-06,4,3,25,1.1627627990060296e-08,8.212389102091322e-13,True,True
50,15,0.3,1,300,0.005,0.1,1e-06,4,3,25,2.506922203881165e-09,4.340972026284362e-13,True,True
50,15,0.3,2,300,0.005,0.1,1e-06,4,3,25,1.4592728827751606e-09,1.4810375148499588e-13,True,True
50,15,0.3,3,300,0.005,0.1,1e-06,4,3,25,3.4929090493083548e-09,9.037215420448774e-13,True,True
50,15,0.3,4,300,0.005,0.1,1e-06,4,3,25,4.610357332322189e-09,6.674660824046441e-13,True,True
50,15,0.3,5,300,0.005,0.1,1e-06,4,3,25,1.433824397802431e-09,5.195843755245733e-13,True,True
50,15,0.3,6,300,0.005,0.1,1e-06,4,3,25,1.994702867349715e-09,3.714806240395774e-13,True,True
50,15,0.3,7,300,0.005,0.1,1e-06,4,3,25,2.689193238186046e-09,4.1911960013685245e-13,True,True
50,15,0.3,8,300,0.005,0.1,1e-06,4,3,25,2.37807726267003e-09,4.318767565791859e-13,True,True
50,15,0.3,9,300,0.005,0.1,1e-06,4,3,25,2.910463160022107e-09,3.7903014060702844e-13,True,True
50,15,0.3,10,300,0.005,0.1,1e-06,4,3,25,1.6777330151600324e-08,1.1790568521519162e-12,True,True
50,15,0.3,11,300,0.005,0.1,1e-06,4,3,25,1.2517818863874318e-08,1.8627321907160876e-12,True,True
50,15,0.3,12,300,0.005,0.1,1e-06,4,3,25,5.166084678296271e-10,1.6564527527407336e-13,True,True
50,15,0.3,13,300,0.005,0.1,1e-06,4,3,25,3.080358497260186e-09,3.6559644200906405e-13,True,True
50,15,0.3,14,300,0.005,0.1,1e-06,4,3,25,1.2653945963260272e-09,1.0018652574217413e-12,True,True
50,15,0.3,15,300,0.005,0.1,1e-06,4,3,25,4.285539330948337e-09,5.348985143704965e-13,True,True
50,15,0.3,16,300,0.005,0.1,1e-06,4,3,25,3.1155810532304195e-09,8.522071937022702e-13,True,True
50,15,0.3,17,300,0.005,0.1,1e-06,4,3,25,5.400399297854721e-09,1.8391954625940343e-12,True,True
50,15,0.3,18,300,0.005,0.1,1e-06,4,3,25,2.6628119130285844e-09,4.3454129183828627e-13,True,True
50,15,0.3,19,300,0.005,0.1,1e-06,4,3,25,1.3445884337440193e-09,3.530509218307998e-13,True,True
50,15,0.3,20,300,0.005,0.1,1e-06,4,3,25,1.8248323376413018e-09,3.749639487793388e-13,True,True
50,15,0.3,21,300,0.005,0.1,1e-06,4,3,25,2.3317842729183116e-09,3.5704772471945034e-13,True,True
50,15,0.3,22,300,0.005,0.1,1e-06,4,3,25,2.4108252079377233e-09,2.8765878568037806e-13,True,True
50,15,0.3,23,300,0.005,0.1,1e-06,4,3,25,1.762970068293453e-09,4.156675004196586e-13,True,True
50,15,0.3,24,300,0.005,0.1,1e-06,4,3,25,6.832095646235289e-09,7.404077351225169e-13,True,True
50,15,0.3,25,300,0.005,0.1,1e-06,4,3,25,1.7238848986864483e-09,8.337219803422613e-13,True,True
50,15,0.3,26,300,0.005,0.1,1e-06,4,3,25,6.699315929941166e-09,2.949640531824116e-12,True,True
50,15,0.3,27,300,0.005,0.1,1e-06,4,3,25,2.597565389995098e-09,4.4519943287468777e-13,True,True
50,15,0.3,28,300,0.005,0.1,1e-06,4,3,25,4.2862320399048535e-09,8.897327319346005e-13,True,True
50,15,0.3,29,300,0.005,0.1,1e-06,4,3,25,1.0551866002686363e-09,4.383160501220118e-13,True,True
100,30,0.3,0,300,0.005,0.1,1e-06,4,3,50,3.872886829300031e-07,5.389582113934921e-10,True,True
100,30,0.3,1,300,0.005,0.1,1e-06,4,3,50,9.628220914775238e-08,1.519914194503258e-10,True,True
100,30,0.3,2,300,0.005,0.1,1e-06,4,3,50,6.10991246816757e-07,5.072329223310135e-10,True,True
100,30,0.3,3,300,0.005,0.1,1e-06,4,3,50,6.953839803331283e-07,6.574343291987361e-10,True,True
100,30,0.3,4,300,0.005,0.1,1e-06,4,3,50,2.461273496731944e-07,1.523119963486863e-10,True,True
100,30,0.3,5,300,0.005,0.1,1e-06,4,3,50,1.6536654263406992e-07,1.4115963953287292e-10,True,True
100,30,0.3,6,300,0.005,0.1,1e-06,4,3,50,3.0020169702440245e-07,3.517831581589803e-10,True,True
100,30,0.3,7,300,0.005,0.1,1e-06,4,3,50,1.866518566193418e-07,1.0358847113423053e-10,True,True
100,30,0.3,8,300,0.005,0.1,1e-06,4,3,50,3.0237646990736754e-08,4.202616032955575e-11,True,True
100,30,0.3,9,300,0.005,0.1,1e-06,4,3,50,3.120263170418026e-07,4.880547077590336e-10,True,True
100,30,0.3,10,300,0.005,0.1,1e-06,4,3,50,2.424364999456127e-07,2.658158138046929e-10,True,True
100,30,0.3,11,300,0.005,0.1,1e-06,4,3,50,5.825192211513946e-07,2.516031827326515e-10,True,True
100,30,0.3,12,300,0.005,0.1,1e-06,4,3,50,3.4471881062648315e-07,1.1996170723449495e-10,True,True
100,30,0.3,13,300,0.005,0.1,1e-06,4,3,50,2.525559267769973e-07,2.201697713033468e-10,True,True
100,30,0.3,14,300,0.005,0.1,1e-06,4,3,50,3.232312673008147e-07,5.050240226012193e-10,True,True
100,30,0.3,15,300,0.005,0.1,1e-06,4,3,50,1.0926438008518815e-07,9.630696240492398e-11,True,True
100,30,0.3,16,300,0.005,0.1,1e-06,4,3,50,1.8077481855393737e-07,3.074436261130131e-10,True,True
100,30,0.3,17,300,0.005,0.1,1e-06,4,3,50,1.8236922543465764e-07,9.601375250412048e-11,True,True
100,30,0.3,18,300,0.005,0.1,1e-06,4,3,50,7.869498002977517e-07,6.010596464989248e-10,True,True
100,30,0.3,19,300,0.005,0.1,1e-06,4,3,50,1.0280915389709277e-07,6.183853429320152e-11,True,True
100,30,0.3,20,300,0.005,0.1,1e-06,4,3,50,3.4095161709333767e-07,1.87566129294936e-10,True,True
100,30,0.3,21,300,0.005,0.1,1e-06,4,3,50,8.961855955443205e-07,1.1225362861466692e-09,True,True
100,30,0.3,22,300,0.005,0.1,1e-06,4,3,50,7.932392783544894e-07,2.816928912352523e-10,True,True
100,30,0.3,23,300,0.005,0.1,1e-06,4,3,50,4.1491662922474814e-07,6.246996253622683e-10,True,True
100,30,0.3,24,300,0.005,0.1,1e-06,4,3,50,4.6361107436468886e-07,2.3872404053548735e-10,True,True
100,30,0.3,25,300,0.005,0.1,1e-06,4,3,50,5.370404757467242e-07,2.9379276789143205e-10,True,True
100,30,0.3,26,300,0.005,0.1,1e-06,4,3,50,3.5639830626097084e-07,2.2551316369856522e-10,True,True
100,30,0.3,27,300,0.005,0.1,1e-06,4,3,50,2.2198198387890206e-07,2.7823687798189667e-10,True,True
100,30,0.3,28,300,0.005,0.1,1e-06,4,3,50,2.031592993489166e-07,2.159388223788028e-10,True,True
100,30,0.3,29,300,0.005,0.1,1e-06,4,3,50,3.7424077361706334e-07,2.4542079479772383e-10,True,True
250,75,0.3,0,300,0.005,0.1,1e-06,5,4,125,3.575488827405918e-07,7.037279092791948e-10,True,True
250,75,0.3,1,300,0.005,0.1,1e-06,6,4,125,4.710700480502412e-09,3.070654841508258e-12,True,True
250,75,0.3,2,300,0.005,0.1,1e-06,5,4,125,5.826308587353377e-07,5.078043263662124e-10,True,True
250,75,0.3,3,300,0.005,0.1,1e-06,5,4,125,7.828962789368527e-07,1.0556746032897024e-09,True,True
250,75,0.3,4,300,0.005,0.1,1e-06,5,4,125,7.385703472082795e-07,1.1195854660028814e-09,True,True
250,75,0.3,5,300,0.005,0.1,1e-06,5,4,125,5.29832567638217e-07,8.340710899723547e-10,True,True
250,75,0.3,6,300,0.005,0.1,1e-06,5,4,125,8.062128055128461e-07,1.221082068791901e-09,True,True
250,75,0.3,7,300,0.005,0.1,1e-06,5,4,125,6.594007652857226e-07,8.039311438778896e-10,True,True
250,75,0.3,8,300,0.005,0.1,1e-06,5,4,125,3.969550121268295e-07,6.864386004057366e-10,True,True
250,75,0.3,9,300,0.005,0.1,1e-06,5,4,125,6.619098376760826e-07,6.966605070601872e-10,True,True
250,75,0.3,10,300,0.005,0.1,1e-06,5,4,125,4.934731183642663e-07,7.221072628738057e-10,True,True
250,75,0.3,11,300,0.005,0.1,1e-06,5,4,125,9.360212699002315e-07,1.1625138074400354e-09,True,True
250,75,0.3,12,300,0.005,0.1,1e-06,6,4,125,6.591481048455483e-09,2.5033863870760342e-12,True,True
250,75,0.3,13,300,0.005,0.1,1e-06,5,4,125,6.933143148966341e-07,9.728539085429588e-10,True,True
250,75,0.3,14,300,0.005,0.1,1e-06,6,4,125,2.8240384457311034e-08,6.241285266384011e-12,True,True
250,75,0.3,15,300,0.005,0.1,1e-06,5,4,125,2.0455190268859512e-07,4.416936538742533e-10,True,True
250,75,0.3,16,300,0.005,0.1,1e-06,5,4,125,3.2857464552458106e-07,4.806063325091259e-10,True,True
250,75,0.3,17,300,0.005,0.1,1e-06,5,4,125,8.339998226821412e-07,9.454524385610341e-10,True,True
250,75,0.3,18,300,0.005,0.1,1e-06,5,4,125,6.178801568742395e-07,1.0606084344111366e-09,True,True
250,75,0.3,19,300,0.005,0.1,1e-06,5,4,125,5.39323694497801e-07,4.1313952259258713e-10,True,True
250,75,0.3,20,300,0.005,0.1,1e-06,5,4,125,7.114792915016583e-07,9.655839461331084e-10,True,True
250,75,0.3,21,300,0.005,0.1,1e-06,6,4,125,1.1394167026818007e-08,3.4221514511045825e-12,True,True
250,75,0.3,22,300,0.005,0.1,1e-06,5,4,125,3.1687929661158267e-07,3.488326294487365e-10,True,True
250,75,0.3,23,300,0.005,0.1,1e-06,5,4,125,9.96801134184555e-07,1.163482254984416e-09,True,True
250,75,0.3,24,300,0.005,0.1,1e-06,6,4,125,7.380173372617937e-09,2.807518106884288e-12,True,True
250,75,0.3,25,300,0.005,0.1,1e-06,6,4,125,5.051108526569117e-09,2.6834645616702346e-12,True,True
250,75,0.3,26,300,0.005,0.1,1e-06,5,4,125,3.755518706928805e-07,5.706713157582755e-10,True,True
250,75,0.3,27,300,0.005,0.1,1e-06,5,4,125,4.3429674572752657e-07,1.009524408512874e-09,True,True
250,75,0.3,28,300,0.005,0.1,1e-06,5,4,125,3.2019207649964e-07,5.122837709592432e-10,True,True
250,75,0.3,29,300,0.005,0.1,1e-06,5,4,125,4.5937273138144734e-07,6.961963783247427e-10,True,True
500,150,0.3,0,300,0.005,0.1,1e-06,7,5,250,2.5830664381058848e-08,2.5275961879067665e-11,True,True
500,150,0.3,1,300,0.005,0.1,1e-06,7,5,250,4.593105704167997e-08,5.4648285896519155e-11,True,True
500,150,0.3,2,300,0.005,0.1,1e-06,7,5,250,2.5602247551049694e-08,3.5071251458518304e-11,True,True
500,150,0.3,3,300,0.005,0.1,1e-06,7,5,250,3.254188189889687e-08,2.8338942303918202e-11,True,True
500,150,0.3,4,300,0.005,0.1,1e-06,7,5,250,1.376071681089246e-08,2.583872005246235e-11,True,True
500,150,0.3,5,300,0.005,0.1,1e-06,7,5,250,1.9529500140150197e-08,1.7734619328635404e-11,True,True
500,150,0.3,6,300,0.005,0.1,1e-06,7,5,250,8.11845581598465e-08,5.834002725357834e-11,True,True
500,150,0.3,7,300,0.005,0.1,1e-06,7,5,250,1.0635351407198204e-08,2.265294896108827e-11,True,True
500,150,0.3,8,300,0.005,0.1,1e-06,7,5,250,3.279694743833255e-08,4.1264214267755506e-11,True,True
500,150,0.3,9,300,0.005,0.1,1e-06,7,5,250,2.62319633606574e-08,2.267308563119741e-11,True,True
500,150,0.3,10,300,0.005,0.1,1e-06,7,5,250,2.152857502181244e-08,5.1149418034412975e-11,True,True
500,150,0.3,11,300,0.005,0.1,1e-06,6,5,250,8.269498302074627e-07,1.9106470294794065e-09,True,True
500,150,0.3,12,300,0.005,0.1,1e-06,7,5,250,2.368702679871615e-08,3.6998348829087035e-11,True,True
500,150,0.3,13,300,0.005,0.1,1e-06,7,5,250,2.966704198416665e-08,3.806399639927349e-11,True,True
500,150,0.3,14,300,0.005,0.1,1e-06,7,6,250,7.016405553796883e-08,1.436101793039768e-10,True,True
500,150,0.3,15,300,0.005,0.1,1e-06,7,5,250,1.9187666665824187e-08,2.7817859127310385e-11,True,True
500,150,0.3,16,300,0.005,0.1,1e-06,7,5,250,4.1102115023300725e-08,5.833050709114218e-11,True,True
500,150,0.3,17,300,0.005,0.1,1e-06,7,5,250,2.4614689052806478e-08,4.0585368399348454e-11,True,True
500,150,0.3,18,300,0.005,0.1,1e-06,7,5,250,3.622690000136945e-08,3.784905722170606e-11,True,True
500,150,0.3,19,300,0.005,0.1,1e-06,7,5,250,1.8950443509387234e-08,3.4723918185264324e-11,True,True
500,150,0.3,20,300,0.005,0.1,1e-06,7,5,250,4.5316243136377216e-08,8.727921163576013e-11,True,True
500,150,0.3,21,300,0.005,0.1,1e-06,7,5,250,1.98897359521959e-08,2.638644858166117e-11,True,True
500,150,0.3,22,300,0.005,0.1,1e-06,7,5,250,2.7143979419978657e-08,3.28808369420841e-11,True,True
500,150,0.3,23,300,0.005,0.1,1e-06,7,5,250,3.8772469398713104e-08,5.3226700824637874e-11,True,True
500,150,0.3,24,300,0.005,0.1,1e-06,7,5,250,2.776084462072254e-08,2.88360169076185e-11,True,True
500,150,0.3,25,300,0.005,0.1,1e-06,7,5,250,4.517947112032873e-08,5.3134052713232904e-11,True,True
500,150,0.3,26,300,0.005,0.1,1e-06,7,5,250,2.5929351235767994e-08,5.712225137344262e-11,True,True
500,150,0.3,27,300,0.005,0.1,1e-06,7,5,250,2.6903775026511283e-08,4.6384895924234115e-11,True,True
500,150,0.3,28,300,0.005,0.1,1e-06,7,5,250,1.9082519088082627e-08,3.3150926448399787e-11,True,True
500,150,0.3,29,300,0.005,0.1,1e-06,7,5,250,5.216051813569613e-08,5.691341842251063e-11,True,True
1000,300,0.3,0,300,0.005,0.1,1e-06,9,7,500,3.5331517912318776e-08,5.2651716320184505e-11,True,True
1000,300,0.3,1,300,0.005,0.1,1e-06,9,7,500,3.072354972393272e-08,3.5460301361922575e-11,True,True
1000,300,0.3,2,300,0.005,0.1,1e-06,9,7,500,5.755499278213703e-08,5.832069549516206e-11,True,True
1000,300,0.3,3,300,0.005,0.1,1e-06,8,7,500,8.137675205081924e-07,1.326661933087614e-09,True,True
1000,300,0.3,4,300,0.005,0.1,1e-06,9,7,500,3.200288030520644e-08,4.6438936029957745e-11,True,True
1000,300,0.3,5,300,0.005,0.1,1e-06,8,7,500,6.41926452531283e-07,1.153580397872389e-09,True,True
1000,300,0.3,6,300,0.005,0.1,1e-06,9,7,500,3.47935811297924e-08,4.613105730744138e-11,True,True
1000,300,0.3,7,300,0.005,0.1,1e-06,8,7,500,7.020595594219294e-07,1.4010026749833315e-09,True,True
1000,300,0.3,8,300,0.005,0.1,1e-06,9,7,500,3.961228662363704e-08,3.600475473319875e-11,True,True
1000,300,0.3,9,300,0.005,0.1,1e-06,8,7,500,9.8008687900235e-07,1.2481014277643254e-09,True,True
1000,300,0.3,10,300,0.005,0.1,1e-06,8,7,500,9.846686134767811e-07,1.8135200008373431e-09,True,True
1000,300,0.3,11,300,0.005,0.1,1e-06,9,7,500,3.085692941483081e-08,5.165591565603478e-11,True,True
1000,300,0.3,12,300,0.005,0.1,1e-06,9,7,500,2.6633895447689962e-08,4.040708045938146e-11,True,True
1000,300,0.3,13,300,0.005,0.1,1e-06,9,7,500,5.0264951994866754e-08,8.586442667990468e-11,True,True
1000,300,0.3,14,300,0.005,0.1,1e-06,9,7,500,2.7256284294963673e-08,3.49565168478172e-11,True,True
1000,300,0.3,15,300,0.005,0.1,1e-06,9,7,500,2.5256812794379935e-08,2.736870452491047e-11,True,True
1000,300,0.3,16,300,0.005,0.1,1e-06,8,7,500,8.635643712705667e-07,1.2460100867750512e-09,True,True
1000,300,0.3,17,300,0.005,0.1,1e-06,8,7,500,8.51807677390326e-07,3.639268331134815e-09,True,True
1000,300,0.3,18,300,0.005,0.1,1e-06,9,7,500,2.6382628861097932e-08,3.202291209980501e-11,True,True
1000,300,0.3,19,300,0.005,0.1,1e-06,8,7,500,9.865252644954715e-07,1.5181697010646644e-09,True,True
1000,300,0.3,20,300,0.005,0.1,1e-06,8,7,500,5.069754059405057e-07,1.460148557619334e-09,True,True
1000,300,0.3,21,300,0.005,0.1,1e-06,9,7,500,3.8076251106985185e-08,4.6795983754677195e-11,True,True
1000,300,0.3,22,300,0.005,0.1,1e-06,8,7,500,7.884881223074832e-07,1.8153040737267645e-09,True,True
1000,300,0.3,23,300,0.005,0.1,1e-06,9,7,500,2.4052315935570618e-08,3.3046482217358175e-11,True,True
1000,300,0.3,24,300,0.005,0.1,1e-06,8,7,500,5.048860310179527e-07,7.727508632981994e-10,True,True
1000,300,0.3,25,300,0.005,0.1,1e-06,8,7,500,7.856879375145913e-07,1.6726150325885314e-09,True,True
1000,300,0.3,26,300,0.005,0.1,1e-06,8,7,500,4.996610107184119e-07,1.2835228296870227e-09,True,True
1000,300,0.3,27,300,0.005,0.1,1e-06,9,7,500,3.639799374532571e-08,3.419893535028251e-11,True,True
1000,300,0.3,28,300,0.005,0.1,1e-06,9,7,500,2.4947812128359498e-08,2.606813376271333e-11,True,True
1000,300,0.3,29,300,0.005,0.1,1e-06,8,7,500,8.90026449038775e-07,1.514680159075965e-09,True,True
