dataset,patient,patient_id,B,d,mode,eps,m_q,seconds,warmup_seconds,bound,budget_seconds,core_dtype,memory_budget,block_size,node_block,checkpoint_io_seconds,attempts,attribution_file,attribution_sha256
gse24080,0,16574,100,54675,1e-1,0.1,51,0.26390562500455417,0.19009316700976342,0.02905818114025317,0.06282404199009761,float32,8GB,1,51,0.0,1,attributions/gse24080_p0_1e-1.npy,e7e37cc46f76b6e48c03ab63804c896cf9776706e5078bb875e27a6a53fddaaf
gse24080,1,16570,100,54675,1e-1,0.1,50,0.2676488339784555,0.36456991598242894,0.018034493742329218,0.0635193329944741,float32,8GB,1,50,0.0,1,attributions/gse24080_p1_1e-1.npy,79da9515f411123b5454ba385572ce389f0fe13ce42c781422486c40c9fedea1
gse24080,2,16518,100,54675,1e-1,0.1,46,0.2763754580228124,0.24537970797973685,0.012877678666121948,0.06294779200106859,float32,8GB,1,46,0.0,1,attributions/gse24080_p2_1e-1.npy,ca496525285024c3872b46818c16429579cf8e800a68afa3b9d62f21682076dc
gse24080,3,16600,100,54675,1e-1,0.1,46,0.28723320801509544,0.0,0.020384115893331223,0.06662579200929031,float32,8GB,1,46,0.0,1,attributions/gse24080_p3_1e-1.npy,011cd01347c01fefd5e0e7982d38dcc3f282b30b99e7c061a1a8aafe894df64e
gse24080,4,9995,100,54675,1e-1,0.1,53,0.2845227919751778,0.21926654101116583,0.012003646665934509,0.06460045801941305,float32,8GB,1,53,0.0,1,attributions/gse24080_p4_1e-1.npy,0c09aa88d2ce9914e5bb5abafd1c372c222b94271999a069794504d23d08fc07
gse24080,0,16574,100,54675,1e-2,0.01,52,0.3138337090204004,0.2297433330095373,0.0027118356253698407,0.06415929200011306,float32,8GB,1,52,0.0,1,attributions/gse24080_p0_1e-2.npy,a8ad3580e01e586ec6265b0df12de8a4e1fbadf7650a28a0c6bf13f562e94f3f
gse24080,1,16570,100,54675,1e-2,0.01,51,0.27593983299448155,0.0,0.0014298433697374653,0.06871483300346881,float32,8GB,1,51,0.0,1,attributions/gse24080_p1_1e-2.npy,4b6c7c9d4bd0352fd826d36cde4da082e9860543b45431100372e9528a3bd79a
gse24080,2,16518,100,54675,1e-2,0.01,47,0.2692816669878084,0.22655916601070203,0.0010418308517567837,0.06342279200907797,float32,8GB,1,47,0.0,1,attributions/gse24080_p2_1e-2.npy,10e243fe9e018d2ff2318c51b2694bbfff6a557d622a518f5d036fa73911f8c1
gse24080,3,16600,100,54675,1e-2,0.01,47,0.2790044589783065,0.0,0.0019082341095542842,0.06587858300190419,float32,8GB,1,47,0.0,1,attributions/gse24080_p3_1e-2.npy,b0bac8919a49a3cba86a087b8bcc036233152ad4b308937ba7fa3722791288ff
gse24080,4,9995,100,54675,1e-2,0.01,54,0.2929148339899257,0.23699800000758842,0.0010748115619656834,0.06381837499793619,float32,8GB,1,54,0.0,1,attributions/gse24080_p4_1e-2.npy,c649ca2720d6be46407a337252a1a6b131806416f37e2a152518a60c8111af4a
gse24080,0,16574,100,54675,1e-3,0.001,53,0.3077730409859214,0.0,0.0002451549474174813,0.06826616599573754,float32,8GB,1,53,0.0,1,attributions/gse24080_p0_1e-3.npy,331f35313e5d00e329a415a1d9e6537e0943c9bc5c0664079f809e1b4365f88b
gse24080,1,16570,100,54675,1e-3,0.001,52,0.277161125006387,0.0,0.00010964117466266262,0.06396462500561029,float32,8GB,1,52,0.0,1,attributions/gse24080_p1_1e-3.npy,3e5839a5b1421f0c1a2c67b9d90fb8ba71871811e291f95230a19e883237f46e
gse24080,2,16518,100,54675,1e-3,0.001,48,0.27871400001458824,0.25241149999783374,8.129769640936429e-05,0.06373645798885264,float32,8GB,1,48,0.0,1,attributions/gse24080_p2_1e-3.npy,7012e21d06e223a99ba9bb8158c14624434449c030ea8a06d57f5ad08c541a51
gse24080,3,16600,100,54675,1e-3,0.001,48,0.3078674169955775,0.0,0.00017246333521493405,0.06534037500387058,float32,8GB,1,48,0.0,1,attributions/gse24080_p3_1e-3.npy,a96b527fb5ebd646b04a2f72cfbc52a8a16745bb0ee2df167394a3af3b0c692f
gse24080,4,9995,100,54675,1e-3,0.001,55,0.3039165410154965,0.22475591700640507,9.331269820507164e-05,0.06418650000705384,float32,8GB,1,55,0.0,1,attributions/gse24080_p4_1e-3.npy,257a817e22bcaf48d60b645e37d8ab958d4f5b17f917d94ee640e471a474406a
gse24080,0,16574,100,54675,exact,,27338,3.9260724160121754,0.02669304099981673,0.0,0.0,float32,8GB,1,3926,0.000884625012986362,1,attributions/gse24080_p0_exact.npy,14d313021ad2b3869b18c939072ac48f4c8033c2723f7a0479e6dbc211ee334b
gse24080,1,16570,100,54675,exact,,27338,3.8908283330092672,0.0,0.0,0.0,float32,8GB,1,3926,0.0008670409733895212,1,attributions/gse24080_p1_exact.npy,bdfa714b25fb8faf292e6bc30f1e5e30d24b80d6fb81ff99fcf03dcdd73fa26d
gse24080,2,16518,100,54675,exact,,27338,3.890941165969707,0.0,0.0,0.0,float32,8GB,1,3926,0.001342875009868294,1,attributions/gse24080_p2_exact.npy,fe92ce222d740ee3bf67f025bb061123ccf93b6f64ae8be8f26b1d2013858ad7
gse24080,3,16600,100,54675,exact,,27338,3.876649959012866,0.0,0.0,0.0,float32,8GB,1,3926,0.0008736669842619449,1,attributions/gse24080_p3_exact.npy,a624284994a6d85b15a8282b81c6ed04acbcd91fb19398b12f51f387fda7ecc2
gse24080,4,9995,100,54675,exact,,27338,3.8938792920380365,0.0,0.0,0.0,float32,8GB,1,3926,0.0008919999818317592,1,attributions/gse24080_p4_exact.npy,106d0e7b3ab7e790043c82800a3fbb00ea486ab1cb88fa040b18c026f9a88474
tcga_lgg_methylation,0,TCGA-CS-6665,100,396065,1e-1,0.1,42,1.0227710839826614,0.64828574997955,0.01803220039324894,0.4495988750131801,float32,8GB,1,42,0.0,1,attributions/tcga_lgg_methylation_p0_1e-1.npy,777c36019bcc2d3adcb717be1c82386ca1fc3bc78a4943cf5889fcba51266f6a
tcga_lgg_methylation,1,TCGA-DU-A5TS,100,396065,1e-1,0.1,40,1.0230738749960437,0.7371170000114944,0.016447278698733903,0.4506006670126226,float32,8GB,1,40,0.0,1,attributions/tcga_lgg_methylation_p1_1e-1.npy,63aae2098733da2f36c06b451931694a3bff9a07886c98b49bafa6f0a012774d
tcga_lgg_methylation,2,TCGA-HT-8113,100,396065,1e-1,0.1,39,1.0164246250060387,0.738662874995498,0.03303002556770665,0.45135229200241156,float32,8GB,1,39,0.0,1,attributions/tcga_lgg_methylation_p2_1e-1.npy,7076d24da9792c56b1cf35036991b58ea6e259c4b6e10cd3c292744e9048eab1
tcga_lgg_methylation,3,TCGA-DH-A66G,100,396065,1e-1,0.1,38,1.027335666003637,0.8002829579927493,0.03351477823364281,0.44541995800682344,float32,8GB,1,38,0.0,1,attributions/tcga_lgg_methylation_p3_1e-1.npy,c79db0901f2e39ab0e738036330d960e9c6c25aed3e5a038ecc106d52bab9c2f
tcga_lgg_methylation,4,TCGA-E1-A7YE,100,396065,1e-1,0.1,48,1.1517087499960326,0.7193569579976611,0.05735434080800308,0.4532099590287544,float32,8GB,1,48,0.0,1,attributions/tcga_lgg_methylation_p4_1e-1.npy,b01c9ee947c3a6244203c949bc23165582dc1cf9918f34e7d0f86bd4765913ad
tcga_lgg_methylation,0,TCGA-CS-6665,100,396065,1e-2,0.01,43,1.0354502919944935,0.7563829169957899,0.0016448657651477242,0.4464804169838317,float32,8GB,1,43,0.0,1,attributions/tcga_lgg_methylation_p0_1e-2.npy,7b8c5bf3bd19ef8a618343f7ff5d9da15d4bf4fdeb712c0fb92c0ec1514404d9
tcga_lgg_methylation,1,TCGA-DU-A5TS,100,396065,1e-2,0.01,41,1.0116076249978505,0.6999620420101564,0.0014486948677918722,0.4482052919920534,float32,8GB,1,41,0.0,1,attributions/tcga_lgg_methylation_p1_1e-2.npy,bdf2cbd3721a73dbf5558adbfba47d64b1f1f9fe2019cb5c9b6e03e192188ea8
tcga_lgg_methylation,2,TCGA-HT-8113,100,396065,1e-2,0.01,40,1.0117812090029474,0.0,0.003066571459843336,0.45752699999138713,float32,8GB,1,40,0.0,1,attributions/tcga_lgg_methylation_p2_1e-2.npy,fc6127b53505220101dcfca9e464600e8c642da95c7ce3778f6a43c9cfeb68c6
tcga_lgg_methylation,3,TCGA-DH-A66G,100,396065,1e-2,0.01,39,1.006051665986888,0.0,0.0029466042203940427,0.45445258397376165,float32,8GB,1,39,0.0,1,attributions/tcga_lgg_methylation_p3_1e-2.npy,430ea04bbed8725039182a61e6a37ca89e427d21ad28cf9ce29b0c34258f9ed8
tcga_lgg_methylation,4,TCGA-E1-A7YE,100,396065,1e-2,0.01,49,1.0194297920097597,0.7407674159912858,0.005138565489433867,0.4490226669877302,float32,8GB,1,49,0.0,1,attributions/tcga_lgg_methylation_p4_1e-2.npy,9bf3b12b3f31ce14b99615e17170237b0bf85b320d233795fb60fb446668d61e
tcga_lgg_methylation,0,TCGA-CS-6665,100,396065,1e-3,0.001,44,1.0078325830108952,0.6901125000149477,0.00014435709541187698,0.4504661670071073,float32,8GB,1,44,0.0,1,attributions/tcga_lgg_methylation_p0_1e-3.npy,2b71908a8adbee2075aa84c7864f8973d060988fd2e6b0a92f6b21fd6a1f9865
tcga_lgg_methylation,1,TCGA-DU-A5TS,100,396065,1e-3,0.001,42,1.0197763750038575,0.0,0.00012250555121889572,0.45393683298607357,float32,8GB,1,42,0.0,1,attributions/tcga_lgg_methylation_p1_1e-3.npy,20d723f7b794c82bbe2ead1580c74458fb1cefc42b2385e6cea2b0e709afbb79
tcga_lgg_methylation,2,TCGA-HT-8113,100,396065,1e-3,0.001,41,1.0084847079997417,0.0,0.00027316755529499005,0.44939579197671264,float32,8GB,1,41,0.0,1,attributions/tcga_lgg_methylation_p2_1e-3.npy,69c067a094626d3425539e536bd3d1bf2917358773913254daa2dac227055371
tcga_lgg_methylation,3,TCGA-DH-A66G,100,396065,1e-3,0.001,40,1.0042519579874352,0.0,0.0002481942581728131,0.4526094169996213,float32,8GB,1,40,0.0,1,attributions/tcga_lgg_methylation_p3_1e-3.npy,d8f04e0e4ed22d109c523fcb7cd66713f413b0c98f6bdbd34cfb89c8cb322360
tcga_lgg_methylation,4,TCGA-E1-A7YE,100,396065,1e-3,0.001,50,1.0125654590083286,0.7302057080087252,0.00044498279262692743,0.4467256659991108,float32,8GB,1,50,0.0,1,attributions/tcga_lgg_methylation_p4_1e-3.npy,32d29572c1c9c072349c609edec49b91dd9cd435221bea119f211dd3d1bcfa41
tcga_lgg_methylation,0,TCGA-CS-6665,100,396065,exact,,198033,213.79525312405895,0.030700957984663546,0.0,0.0,float32,8GB,1,541,0.01823099996545352,1,attributions/tcga_lgg_methylation_p0_exact.npy,6771e949ab0e404f213bb7bf08772cbcb97b7f810602b24cf135ea21549958a5
tcga_lgg_methylation,1,TCGA-DU-A5TS,100,396065,exact,,198033,217.48901933099842,0.0,0.0,0.0,float32,8GB,1,541,0.01625141702243127,1,attributions/tcga_lgg_methylation_p1_exact.npy,7d7826914d8d6b3448a2deba26fc67acb245d4fa6c5bb6bab1f5f8a27936ace3
tcga_lgg_methylation,2,TCGA-HT-8113,100,396065,exact,,198033,219.47357829101384,0.0,0.0,0.0,float32,8GB,1,541,0.0139260409923736,1,attributions/tcga_lgg_methylation_p2_exact.npy,32ececfda42e9461d19fefa71efbd4b80753d3bb73cb68a61a70c39610c949dc
tcga_lgg_methylation,3,TCGA-DH-A66G,100,396065,exact,,198033,220.99539049898158,0.0,0.0,0.0,float32,8GB,1,541,0.01802954202867113,1,attributions/tcga_lgg_methylation_p3_exact.npy,3934e2ea420e385a830d7e0431db66dd9f5a42096739861cdf57c04ac5401cd8
tcga_lgg_methylation,4,TCGA-E1-A7YE,100,396065,exact,,198033,221.80382554006064,0.0,0.0,0.0,float32,8GB,1,541,0.01863587598199956,1,attributions/tcga_lgg_methylation_p4_exact.npy,73336f0ceb3549e63d67bdb4b7248f4c08abffc413515d97c8eecd4d22bbbfec
