backend,mode,eps,m_q,patient,repeat,seconds,budget_seconds
logspace_jax,tolerance,0.1,44,0,0,0.01284420799856889,0.0032678330007911427
logspace_jax,tolerance,0.1,44,0,1,0.00914845799889008,0.0035643339997477597
logspace_jax,tolerance,0.1,44,0,2,0.008505166000759345,0.0033439580001868308
logspace_jax,tolerance,0.1,42,1,0,0.011483292000775691,0.0033078750002459856
logspace_jax,tolerance,0.1,42,1,1,0.009501624999757041,0.0032990419986163033
logspace_jax,tolerance,0.1,42,1,2,0.010251292000248213,0.0033039589998224983
logspace_jax,tolerance,0.1,41,2,0,0.012550999999803025,0.0033836250004242174
logspace_jax,tolerance,0.1,41,2,1,0.009529083001325489,0.0034002079992205836
logspace_jax,tolerance,0.1,41,2,2,0.008618957999715349,0.003343250000398257
logspace_jax,tolerance,0.01,45,0,0,0.0123277920010878,0.00324433300011151
logspace_jax,tolerance,0.01,45,0,1,0.00873029200010933,0.0034693329998845
logspace_jax,tolerance,0.01,45,0,2,0.008481791001031525,0.0032735409986344166
logspace_jax,tolerance,0.01,43,1,0,0.008181332999811275,0.0032580419992882526
logspace_jax,tolerance,0.01,43,1,1,0.008723917000679648,0.0033499999990453944
logspace_jax,tolerance,0.01,43,1,2,0.012556540999867138,0.0032634170001983875
logspace_jax,tolerance,0.01,42,2,0,0.008453749998807325,0.003389249999599997
logspace_jax,tolerance,0.01,42,2,1,0.008532792000551126,0.0034309589991607936
logspace_jax,tolerance,0.01,42,2,2,0.008223792001444963,0.0032714160006435122
logspace_jax,tolerance,0.001,46,0,0,0.00831504099915037,0.003340916000524885
logspace_jax,tolerance,0.001,46,0,1,0.008993208999527269,0.0033255409998673713
logspace_jax,tolerance,0.001,46,0,2,0.008331584000188741,0.0032541250002395827
logspace_jax,tolerance,0.001,44,1,0,0.010184583999944152,0.0032791670000733575
logspace_jax,tolerance,0.001,44,1,1,0.008095625000350992,0.0031974579997040564
logspace_jax,tolerance,0.001,44,1,2,0.008862000000590342,0.003336207999382168
logspace_jax,tolerance,0.001,43,2,0,0.008096833000308834,0.003247041999202338
logspace_jax,tolerance,0.001,43,2,1,0.008539624999684747,0.003455709000263596
logspace_jax,tolerance,0.001,43,2,2,0.008147167000061017,0.003236874999856809
logspace_jax,tolerance,0.0001,47,0,0,0.008353041999725974,0.0033467499997641426
logspace_jax,tolerance,0.0001,47,0,1,0.009318000000348547,0.0033160830007545883
logspace_jax,tolerance,0.0001,47,0,2,0.008121999999275431,0.0032735419990785886
logspace_jax,tolerance,0.0001,45,1,0,0.010445957999763777,0.0033011249997798586
logspace_jax,tolerance,0.0001,45,1,1,0.00839533299949835,0.0032557079994148808
logspace_jax,tolerance,0.0001,45,1,2,0.009162583999568596,0.0034109169992007082
logspace_jax,tolerance,0.0001,44,2,0,0.008091666999462177,0.0031882910006970633
logspace_jax,tolerance,0.0001,44,2,1,0.008913916999517824,0.003273000000262982
logspace_jax,tolerance,0.0001,44,2,2,0.00815554200016777,0.0033447910009272164
logspace_jax,fixed_nodes,,1,0,0,0.005651292000038666,
logspace_jax,fixed_nodes,,1,0,1,0.003962667000450892,
logspace_jax,fixed_nodes,,1,0,2,0.006935583000085899,
logspace_jax,fixed_nodes,,1,1,0,0.006548792000103276,
logspace_jax,fixed_nodes,,1,1,1,0.0037599999996018596,
logspace_jax,fixed_nodes,,1,1,2,0.004684833000283106,
logspace_jax,fixed_nodes,,1,2,0,0.004644374999770662,
logspace_jax,fixed_nodes,,1,2,1,0.003358250000019325,
logspace_jax,fixed_nodes,,1,2,2,0.006474416999481036,
logspace_jax,fixed_nodes,,2,0,0,0.0041892499993991805,
logspace_jax,fixed_nodes,,2,0,1,0.0035132920002070023,
logspace_jax,fixed_nodes,,2,0,2,0.003516417000355432,
logspace_jax,fixed_nodes,,2,1,0,0.0036380000001372537,
logspace_jax,fixed_nodes,,2,1,1,0.0037655420001101447,
logspace_jax,fixed_nodes,,2,1,2,0.005188125000131549,
logspace_jax,fixed_nodes,,2,2,0,0.006258999999772641,
logspace_jax,fixed_nodes,,2,2,1,0.003993499998614425,
logspace_jax,fixed_nodes,,2,2,2,0.0035903749994758982,
logspace_jax,fixed_nodes,,4,0,0,0.004133832999286824,
logspace_jax,fixed_nodes,,4,0,1,0.003732208000656101,
logspace_jax,fixed_nodes,,4,0,2,0.004455459000382689,
logspace_jax,fixed_nodes,,4,1,0,0.003595082998799626,
logspace_jax,fixed_nodes,,4,1,1,0.0076072499996371334,
logspace_jax,fixed_nodes,,4,1,2,0.003971957999965525,
logspace_jax,fixed_nodes,,4,2,0,0.0041887919996952405,
logspace_jax,fixed_nodes,,4,2,1,0.0037204580003162846,
logspace_jax,fixed_nodes,,4,2,2,0.004547792001176276,
logspace_jax,fixed_nodes,,8,0,0,0.0039779170001565944,
logspace_jax,fixed_nodes,,8,0,1,0.004006291999758105,
logspace_jax,fixed_nodes,,8,0,2,0.0083523339999374,
logspace_jax,fixed_nodes,,8,1,0,0.006586292000065441,
logspace_jax,fixed_nodes,,8,1,1,0.003733833000296727,
logspace_jax,fixed_nodes,,8,1,2,0.0038355420001607854,
logspace_jax,fixed_nodes,,8,2,0,0.003831957999864244,
logspace_jax,fixed_nodes,,8,2,1,0.0037598750004690373,
logspace_jax,fixed_nodes,,8,2,2,0.007922208000309183,
logspace_jax,fixed_nodes,,16,0,0,0.00390766700002132,
logspace_jax,fixed_nodes,,16,0,1,0.0038651249997201376,
logspace_jax,fixed_nodes,,16,0,2,0.008099500000753324,
logspace_jax,fixed_nodes,,16,1,0,0.006673625000985339,
logspace_jax,fixed_nodes,,16,1,1,0.0041566670006432105,
logspace_jax,fixed_nodes,,16,1,2,0.00395970800127543,
logspace_jax,fixed_nodes,,16,2,0,0.003920666000340134,
logspace_jax,fixed_nodes,,16,2,1,0.003924500000721309,
logspace_jax,fixed_nodes,,16,2,2,0.006756165999831865,
logspace_jax,fixed_nodes,,32,0,0,0.004150667000430985,
logspace_jax,fixed_nodes,,32,0,1,0.00421733400071389,
logspace_jax,fixed_nodes,,32,0,2,0.007891042001574533,
logspace_jax,fixed_nodes,,32,1,0,0.00647404200026358,
logspace_jax,fixed_nodes,,32,1,1,0.004419083999891882,
logspace_jax,fixed_nodes,,32,1,2,0.00419237499954761,
logspace_jax,fixed_nodes,,32,2,0,0.00429512499977136,
logspace_jax,fixed_nodes,,32,2,1,0.008527166999556357,
logspace_jax,fixed_nodes,,32,2,2,0.004589291000229423,
logspace_jax,fixed_nodes,,64,0,0,0.012632500000108848,
logspace_jax,fixed_nodes,,64,0,1,0.008232958000007784,
logspace_jax,fixed_nodes,,64,0,2,0.009491749999142485,
logspace_jax,fixed_nodes,,64,1,0,0.011839832999612554,
logspace_jax,fixed_nodes,,64,1,1,0.007500040999730118,
logspace_jax,fixed_nodes,,64,1,2,0.012386874999720021,
logspace_jax,fixed_nodes,,64,2,0,0.011869792000652524,
logspace_jax,fixed_nodes,,64,2,1,0.007663541999136214,
logspace_jax,fixed_nodes,,64,2,2,0.012259791999895242,
logspace_jax,fixed_nodes,,128,0,0,0.015109874999325257,
logspace_jax,fixed_nodes,,128,0,1,0.01458620799894561,
logspace_jax,fixed_nodes,,128,0,2,0.013795417000437737,
logspace_jax,fixed_nodes,,128,1,0,0.014965665999625344,
logspace_jax,fixed_nodes,,128,1,1,0.01404437499877531,
logspace_jax,fixed_nodes,,128,1,2,0.011420582999562612,
logspace_jax,fixed_nodes,,128,2,0,0.010029584000221803,
logspace_jax,fixed_nodes,,128,2,1,0.012771749999956228,
logspace_jax,fixed_nodes,,128,2,2,0.014609666999604087,
prefix_scan_jax,tolerance,0.1,44,0,0,0.028766207999069593,0.00401445799980138
prefix_scan_jax,tolerance,0.1,44,0,1,0.02856774999963818,0.0032887079996726243
prefix_scan_jax,tolerance,0.1,44,0,2,0.028536208001241903,0.0037295830006769393
prefix_scan_jax,tolerance,0.1,42,1,0,0.026307207999707316,0.003194708999217255
prefix_scan_jax,tolerance,0.1,42,1,1,0.02640258300016285,0.0033745000000635628
prefix_scan_jax,tolerance,0.1,42,1,2,0.02745445900109189,0.003215582999473554
prefix_scan_jax,tolerance,0.1,41,2,0,0.0260565829994448,0.003167500000927248
prefix_scan_jax,tolerance,0.1,41,2,1,0.026001833999544033,0.0033364170012646355
prefix_scan_jax,tolerance,0.1,41,2,2,0.02616399999897112,0.003237375000026077
prefix_scan_jax,tolerance,0.01,45,0,0,0.028888458000437822,0.003328082999360049
prefix_scan_jax,tolerance,0.01,45,0,1,0.027582875000007334,0.0033085830000345595
prefix_scan_jax,tolerance,0.01,45,0,2,0.02751633300067624,0.0033626249987719348
prefix_scan_jax,tolerance,0.01,43,1,0,0.026917958000922226,0.0033617089993640548
prefix_scan_jax,tolerance,0.01,43,1,1,0.026658957998733968,0.003290917000413174
prefix_scan_jax,tolerance,0.01,43,1,2,0.026629416999639943,0.0034665000002860324
prefix_scan_jax,tolerance,0.01,42,2,0,0.0265272910000931,0.0032874169992282987
prefix_scan_jax,tolerance,0.01,42,2,1,0.025554707999617676,0.0034739170005195774
prefix_scan_jax,tolerance,0.01,42,2,2,0.025359417000800022,0.0032486250001966255
prefix_scan_jax,tolerance,0.001,46,0,0,0.028462875001423527,0.0036802079994231462
prefix_scan_jax,tolerance,0.001,46,0,1,0.02907579200109467,0.003781165998589131
prefix_scan_jax,tolerance,0.001,46,0,2,0.02891687500050466,0.0037096249998285202
prefix_scan_jax,tolerance,0.001,44,1,0,0.028227917000549496,0.0036344589989312226
prefix_scan_jax,tolerance,0.001,44,1,1,0.029394542001682566,0.0034244579983351287
prefix_scan_jax,tolerance,0.001,44,1,2,0.03294395800003258,0.0031810000000405125
prefix_scan_jax,tolerance,0.001,43,2,0,0.027492208000694518,0.0033076670006266795
prefix_scan_jax,tolerance,0.001,43,2,1,0.027930250000281376,0.0035672089998115553
prefix_scan_jax,tolerance,0.001,43,2,2,0.029058666999844718,0.003475916000752477
prefix_scan_jax,tolerance,0.0001,47,0,0,0.0506834580010036,0.011719749998519546
prefix_scan_jax,tolerance,0.0001,47,0,1,0.049178875000507105,0.009383957998579717
prefix_scan_jax,tolerance,0.0001,47,0,2,0.034422665999954916,0.004926540999804274
prefix_scan_jax,tolerance,0.0001,45,1,0,0.03944887500074401,0.008077499998762505
prefix_scan_jax,tolerance,0.0001,45,1,1,0.03952237500016054,0.008472749999782536
prefix_scan_jax,tolerance,0.0001,45,1,2,0.039161124999736785,0.008268040999610093
prefix_scan_jax,tolerance,0.0001,44,2,0,0.03478370800075936,0.007552375000159373
prefix_scan_jax,tolerance,0.0001,44,2,1,0.03951291600060358,0.00824458399983996
prefix_scan_jax,tolerance,0.0001,44,2,2,0.044189541000378085,0.008808791999399546
prefix_scan_jax,fixed_nodes,,1,0,0,0.006069291999665438,
prefix_scan_jax,fixed_nodes,,1,0,1,0.010346249999201973,
prefix_scan_jax,fixed_nodes,,1,0,2,0.006493250000858097,
prefix_scan_jax,fixed_nodes,,1,1,0,0.005687167000360205,
prefix_scan_jax,fixed_nodes,,1,1,1,0.005100708000099985,
prefix_scan_jax,fixed_nodes,,1,1,2,0.004795791999640642,
prefix_scan_jax,fixed_nodes,,1,2,0,0.004666374999942491,
prefix_scan_jax,fixed_nodes,,1,2,1,0.006333417000860209,
prefix_scan_jax,fixed_nodes,,1,2,2,0.005253458000879618,
prefix_scan_jax,fixed_nodes,,2,0,0,0.0075859159987885505,
prefix_scan_jax,fixed_nodes,,2,0,1,0.011853250000058324,
prefix_scan_jax,fixed_nodes,,2,0,2,0.011598334000154864,
prefix_scan_jax,fixed_nodes,,2,1,0,0.0075077090004924685,
prefix_scan_jax,fixed_nodes,,2,1,1,0.006620583999392693,
prefix_scan_jax,fixed_nodes,,2,1,2,0.009461167001063586,
prefix_scan_jax,fixed_nodes,,2,2,0,0.006875290999232675,
prefix_scan_jax,fixed_nodes,,2,2,1,0.010429500000100234,
prefix_scan_jax,fixed_nodes,,2,2,2,0.011557833999177092,
prefix_scan_jax,fixed_nodes,,4,0,0,0.008832833998894785,
prefix_scan_jax,fixed_nodes,,4,0,1,0.012358541000139667,
prefix_scan_jax,fixed_nodes,,4,0,2,0.007275874999322696,
prefix_scan_jax,fixed_nodes,,4,1,0,0.0053513330003625015,
prefix_scan_jax,fixed_nodes,,4,1,1,0.006209750001289649,
prefix_scan_jax,fixed_nodes,,4,1,2,0.005428375001429231,
prefix_scan_jax,fixed_nodes,,4,2,0,0.007521125000494067,
prefix_scan_jax,fixed_nodes,,4,2,1,0.0057402920010645175,
prefix_scan_jax,fixed_nodes,,4,2,2,0.006251167000300484,
prefix_scan_jax,fixed_nodes,,8,0,0,0.007359917000940186,
prefix_scan_jax,fixed_nodes,,8,0,1,0.009206708999045077,
prefix_scan_jax,fixed_nodes,,8,0,2,0.007192749999376247,
prefix_scan_jax,fixed_nodes,,8,1,0,0.009292583999922499,
prefix_scan_jax,fixed_nodes,,8,1,1,0.00807929199982027,
prefix_scan_jax,fixed_nodes,,8,1,2,0.009036624998771003,
prefix_scan_jax,fixed_nodes,,8,2,0,0.008123292000163929,
prefix_scan_jax,fixed_nodes,,8,2,1,0.007517209000070579,
prefix_scan_jax,fixed_nodes,,8,2,2,0.0084525410002243,
prefix_scan_jax,fixed_nodes,,16,0,0,0.017262584000491188,
prefix_scan_jax,fixed_nodes,,16,0,1,0.01474979200065718,
prefix_scan_jax,fixed_nodes,,16,0,2,0.01342054199994891,
prefix_scan_jax,fixed_nodes,,16,1,0,0.014987916001700796,
prefix_scan_jax,fixed_nodes,,16,1,1,0.015139957999053877,
prefix_scan_jax,fixed_nodes,,16,1,2,0.016084250000858447,
prefix_scan_jax,fixed_nodes,,16,2,0,0.015941124998789746,
prefix_scan_jax,fixed_nodes,,16,2,1,0.016418582999904174,
prefix_scan_jax,fixed_nodes,,16,2,2,0.016631250000500586,
prefix_scan_jax,fixed_nodes,,32,0,0,0.026192332999926293,
prefix_scan_jax,fixed_nodes,,32,0,1,0.02353962500092166,
prefix_scan_jax,fixed_nodes,,32,0,2,0.02141295900037221,
prefix_scan_jax,fixed_nodes,,32,1,0,0.019884166998963337,
prefix_scan_jax,fixed_nodes,,32,1,1,0.019822250000288477,
prefix_scan_jax,fixed_nodes,,32,1,2,0.020044208999024704,
prefix_scan_jax,fixed_nodes,,32,2,0,0.018153416998757166,
prefix_scan_jax,fixed_nodes,,32,2,1,0.0173922499998298,
prefix_scan_jax,fixed_nodes,,32,2,2,0.01767445800032874,
prefix_scan_jax,fixed_nodes,,64,0,0,0.037689708000471,
prefix_scan_jax,fixed_nodes,,64,0,1,0.03445779100002255,
prefix_scan_jax,fixed_nodes,,64,0,2,0.03417375000026368,
prefix_scan_jax,fixed_nodes,,64,1,0,0.034046916998704546,
prefix_scan_jax,fixed_nodes,,64,1,1,0.03363516599893046,
prefix_scan_jax,fixed_nodes,,64,1,2,0.033531291999679524,
prefix_scan_jax,fixed_nodes,,64,2,0,0.03397866699924634,
prefix_scan_jax,fixed_nodes,,64,2,1,0.03433637499983888,
prefix_scan_jax,fixed_nodes,,64,2,2,0.03422883299936075,
prefix_scan_jax,fixed_nodes,,128,0,0,0.07914629100014281,
prefix_scan_jax,fixed_nodes,,128,0,1,0.0774474169993482,
prefix_scan_jax,fixed_nodes,,128,0,2,0.07685995800056844,
prefix_scan_jax,fixed_nodes,,128,1,0,0.07952016700073727,
prefix_scan_jax,fixed_nodes,,128,1,1,0.09187787500013656,
prefix_scan_jax,fixed_nodes,,128,1,2,0.07808195899997372,
prefix_scan_jax,fixed_nodes,,128,2,0,0.07653966700127057,
prefix_scan_jax,fixed_nodes,,128,2,1,0.07779337500141992,
prefix_scan_jax,fixed_nodes,,128,2,2,0.07698175000041374,
prefix_scan_numpy,tolerance,0.1,44,0,0,0.06513954199908767,0.003702375001012115
prefix_scan_numpy,tolerance,0.1,44,0,1,0.06502416700095637,0.0033370000001013977
prefix_scan_numpy,tolerance,0.1,44,0,2,0.06466437500057509,0.0032475000007252675
prefix_scan_numpy,tolerance,0.1,42,1,0,0.062318875001437846,0.0032064579991128994
prefix_scan_numpy,tolerance,0.1,42,1,1,0.061985542000911664,0.00327537500015751
prefix_scan_numpy,tolerance,0.1,42,1,2,0.06229466699915065,0.0031957920000422746
prefix_scan_numpy,tolerance,0.1,41,2,0,0.06091591699987475,0.0034778750014083926
prefix_scan_numpy,tolerance,0.1,41,2,1,0.06096537499979604,0.003378834000614006
prefix_scan_numpy,tolerance,0.1,41,2,2,0.060245708000365994,0.003238666999095585
prefix_scan_numpy,tolerance,0.01,45,0,0,0.06640041699938593,0.003284041998995235
prefix_scan_numpy,tolerance,0.01,45,0,1,0.0654277079993335,0.0033282920012425166
prefix_scan_numpy,tolerance,0.01,45,0,2,0.06590049999977055,0.0032008749985834584
prefix_scan_numpy,tolerance,0.01,43,1,0,0.06469483299952117,0.0038786250006523915
prefix_scan_numpy,tolerance,0.01,43,1,1,0.06316275000062888,0.0032864580007299082
prefix_scan_numpy,tolerance,0.01,43,1,2,0.06310779100022046,0.0033368750009685755
prefix_scan_numpy,tolerance,0.01,42,2,0,0.06233020800027589,0.0031925829989631893
prefix_scan_numpy,tolerance,0.01,42,2,1,0.06254620799882105,0.0033634169994911645
prefix_scan_numpy,tolerance,0.01,42,2,2,0.061890540999229415,0.0033018750000337604
prefix_scan_numpy,tolerance,0.001,46,0,0,0.06728562500029511,0.003298416999314213
prefix_scan_numpy,tolerance,0.001,46,0,1,0.06658274999972491,0.0033715419995132834
prefix_scan_numpy,tolerance,0.001,46,0,2,0.06635875000029046,0.003260457999203936
prefix_scan_numpy,tolerance,0.001,44,1,0,0.06541741699948034,0.003236417000152869
prefix_scan_numpy,tolerance,0.001,44,1,1,0.06417949999922712,0.003181499998390791
prefix_scan_numpy,tolerance,0.001,44,1,2,0.06475795900041703,0.003205000000889413
prefix_scan_numpy,tolerance,0.001,43,2,0,0.06297974999870348,0.0032154999989870703
prefix_scan_numpy,tolerance,0.001,43,2,1,0.06407637499978591,0.0037966670006426284
prefix_scan_numpy,tolerance,0.001,43,2,2,0.06313008299912326,0.0033009170001605526
prefix_scan_numpy,tolerance,0.0001,47,0,0,0.06868937500075845,0.003205417000572197
prefix_scan_numpy,tolerance,0.0001,47,0,1,0.06928504200004681,0.0032783340011519613
prefix_scan_numpy,tolerance,0.0001,47,0,2,0.06871804200090992,0.0033540829990670318
prefix_scan_numpy,tolerance,0.0001,45,1,0,0.06583804100046109,0.003515459000482224
prefix_scan_numpy,tolerance,0.0001,45,1,1,0.06647966600030486,0.0032990840009006206
prefix_scan_numpy,tolerance,0.0001,45,1,2,0.06705999999940104,0.003343332999065751
prefix_scan_numpy,tolerance,0.0001,44,2,0,0.06418595799914328,0.0033727089994499693
prefix_scan_numpy,tolerance,0.0001,44,2,1,0.06504337500155088,0.003557291998731671
prefix_scan_numpy,tolerance,0.0001,44,2,2,0.06505479099905642,0.0033372500001860317
prefix_scan_numpy,fixed_nodes,,1,0,0,0.0031182499988062773,
prefix_scan_numpy,fixed_nodes,,1,0,1,0.0030981250001786975,
prefix_scan_numpy,fixed_nodes,,1,0,2,0.0032118750004883623,
prefix_scan_numpy,fixed_nodes,,1,1,0,0.003206833000149345,
prefix_scan_numpy,fixed_nodes,,1,1,1,0.003011374999914551,
prefix_scan_numpy,fixed_nodes,,1,1,2,0.0030608329998358386,
prefix_scan_numpy,fixed_nodes,,1,2,0,0.003055458000744693,
prefix_scan_numpy,fixed_nodes,,1,2,1,0.0032867499994608806,
prefix_scan_numpy,fixed_nodes,,1,2,2,0.0030953750010667136,
prefix_scan_numpy,fixed_nodes,,2,0,0,0.004380124999443069,
prefix_scan_numpy,fixed_nodes,,2,0,1,0.005112417000418645,
prefix_scan_numpy,fixed_nodes,,2,0,2,0.004425708999406197,
prefix_scan_numpy,fixed_nodes,,2,1,0,0.004441708999365801,
prefix_scan_numpy,fixed_nodes,,2,1,1,0.00490137499946286,
prefix_scan_numpy,fixed_nodes,,2,1,2,0.0042790829993464286,
prefix_scan_numpy,fixed_nodes,,2,2,0,0.0044423750005080365,
prefix_scan_numpy,fixed_nodes,,2,2,1,0.00464016600017203,
prefix_scan_numpy,fixed_nodes,,2,2,2,0.004366249999293359,
prefix_scan_numpy,fixed_nodes,,4,0,0,0.007662457999686012,
prefix_scan_numpy,fixed_nodes,,4,0,1,0.006982958999287803,
prefix_scan_numpy,fixed_nodes,,4,0,2,0.007067374999678577,
prefix_scan_numpy,fixed_nodes,,4,1,0,0.007348042001467547,
prefix_scan_numpy,fixed_nodes,,4,1,1,0.007524541999373469,
prefix_scan_numpy,fixed_nodes,,4,1,2,0.007423042001391877,
prefix_scan_numpy,fixed_nodes,,4,2,0,0.007547749999503139,
prefix_scan_numpy,fixed_nodes,,4,2,1,0.0069120420012040995,
prefix_scan_numpy,fixed_nodes,,4,2,2,0.007546290999016492,
prefix_scan_numpy,fixed_nodes,,8,0,0,0.01310462500077847,
prefix_scan_numpy,fixed_nodes,,8,0,1,0.013437375000648899,
prefix_scan_numpy,fixed_nodes,,8,0,2,0.013026624999838532,
prefix_scan_numpy,fixed_nodes,,8,1,0,0.01312287499968079,
prefix_scan_numpy,fixed_nodes,,8,1,1,0.012638624999453896,
prefix_scan_numpy,fixed_nodes,,8,1,2,0.013172291000955738,
prefix_scan_numpy,fixed_nodes,,8,2,0,0.013105292000545887,
prefix_scan_numpy,fixed_nodes,,8,2,1,0.013140375000148197,
prefix_scan_numpy,fixed_nodes,,8,2,2,0.012758666000081575,
prefix_scan_numpy,fixed_nodes,,16,0,0,0.02364283299903036,
prefix_scan_numpy,fixed_nodes,,16,0,1,0.023509500000727712,
prefix_scan_numpy,fixed_nodes,,16,0,2,0.023778542001309688,
prefix_scan_numpy,fixed_nodes,,16,1,0,0.023494375000154832,
prefix_scan_numpy,fixed_nodes,,16,1,1,0.02326866699877428,
prefix_scan_numpy,fixed_nodes,,16,1,2,0.022813916999439243,
prefix_scan_numpy,fixed_nodes,,16,2,0,0.02344875000017055,
prefix_scan_numpy,fixed_nodes,,16,2,1,0.0231125409991364,
prefix_scan_numpy,fixed_nodes,,16,2,2,0.02345791699917754,
prefix_scan_numpy,fixed_nodes,,32,0,0,0.044712040999002056,
prefix_scan_numpy,fixed_nodes,,32,0,1,0.045398166999802925,
prefix_scan_numpy,fixed_nodes,,32,0,2,0.04511491699850012,
prefix_scan_numpy,fixed_nodes,,32,1,0,0.0449087499982852,
prefix_scan_numpy,fixed_nodes,,32,1,1,0.04577762500048266,
prefix_scan_numpy,fixed_nodes,,32,1,2,0.04461545899903285,
prefix_scan_numpy,fixed_nodes,,32,2,0,0.04495550000137882,
prefix_scan_numpy,fixed_nodes,,32,2,1,0.045317999998587766,
prefix_scan_numpy,fixed_nodes,,32,2,2,0.04513420799958112,
prefix_scan_numpy,fixed_nodes,,64,0,0,0.08835437500056287,
prefix_scan_numpy,fixed_nodes,,64,0,1,0.08769600000050559,
prefix_scan_numpy,fixed_nodes,,64,0,2,0.08769791699887719,
prefix_scan_numpy,fixed_nodes,,64,1,0,0.08757266700013133,
prefix_scan_numpy,fixed_nodes,,64,1,1,0.08920629099884536,
prefix_scan_numpy,fixed_nodes,,64,1,2,0.08929375000116124,
prefix_scan_numpy,fixed_nodes,,64,2,0,0.08921224999903643,
prefix_scan_numpy,fixed_nodes,,64,2,1,0.08684558300046774,
prefix_scan_numpy,fixed_nodes,,64,2,2,0.08865779200095858,
prefix_scan_numpy,fixed_nodes,,128,0,0,0.17389312499835796,
prefix_scan_numpy,fixed_nodes,,128,0,1,0.17473358400093275,
prefix_scan_numpy,fixed_nodes,,128,0,2,0.1740671250008745,
prefix_scan_numpy,fixed_nodes,,128,1,0,0.17470387499997742,
prefix_scan_numpy,fixed_nodes,,128,1,1,0.1756382500007021,
prefix_scan_numpy,fixed_nodes,,128,1,2,0.17472220799936622,
prefix_scan_numpy,fixed_nodes,,128,2,0,0.1727775829986058,
prefix_scan_numpy,fixed_nodes,,128,2,1,0.1755454579997604,
prefix_scan_numpy,fixed_nodes,,128,2,2,0.17332700000042678,
